time_s,flow_rate_ml_s,pump_flow_command_ml_s,pressure_drop_bar,puck_pressure_drop_bar,viscous_puck_pressure_drop_bar,forchheimer_puck_pressure_drop_bar,forchheimer_fraction_of_puck_pressure,basket_sieve_pressure_drop_bar,pressure_setpoint_bar,controller_saturated,puck_outlet_fines_mg_s,cup_fines_mg_s,cumulative_puck_outlet_fines_g,cumulative_basket_retained_fines_g,cumulative_cup_fines_g,minimum_K_over_K0,maximum_pressure_gradient_MPa_m,maximum_deposit_kg_m3,minimum_hydraulic_diameter_um,maximum_fine_to_hydraulic_diameter_ratio,mean_washout_escape_probability,blockage_position_mm_from_inlet,relative_mass_balance_error
0.0,0.0,0.0,0.0,0.0,0.0,0.0,0.0,0.0,0.0,0,0.0,0.0,0.0,0.0,0.0,1.0,0.0,0.0,150.0,0.16666666666666666,0.9644288107273639,0.25,0.0
0.25,5.321588728487283,10.833333333333334,0.45710019878564795,0.40388431150077514,0.40388431150077514,0.0,0.0,0.05321588728487283,1.125,1,0.18912293065748942,0.12292990492736812,4.7280732664372356e-05,1.6548256432530322e-05,3.073247623184203e-05,0.9942044340127025,2.0259081123080964,0.012681655530553101,149.98780649694834,0.16668021610482486,0.9644250604781615,19.75,0.0
0.5,8.805675808222857,10.833333333333334,0.7802220874743009,0.6921653293920723,0.6921653293920723,0.0,0.0,0.08805675808222856,2.25,1,2.2544616923278356,1.465400100013093,0.0006108961557463312,0.00021381365451121588,0.00039708250123511525,0.9271786006650291,3.594623625059594,0.16496523653950823,149.8414466463825,0.16684302347266183,0.9643745907005741,19.75,0.0
0.75,10.08739981610862,10.833333333333334,0.9570584642377507,0.8561844660766644,0.8561844660766644,0.0,0.0,0.1008739981610862,3.375,1,4.6292701754909285,3.0090256140691034,0.0017682136996190635,0.0006188747948666721,0.001149338904752391,0.8054064924084517,4.740435479110905,0.4721632789071744,149.54654583286208,0.1671720323646979,0.9642642382869354,19.75,-1.4655693482422263e-16
1.0,10.558919727865655,10.833333333333334,1.0951776009720848,0.9895884036934283,0.9895884036934283,0.0,0.0,0.10558919727865655,4.5,1,6.007527356829265,3.9048927819390222,0.0032700955388263796,0.0011445334385892327,0.002125562100237146,0.6747266165173325,5.923055161919465,0.8584313077445758,149.17639811599526,0.16758683220492243,0.9641222497090599,19.75,-1.4655693482422263e-16
1.25,10.732382209504046,10.833333333333334,1.2266590137258109,1.1193351916307703,1.1193351916307703,0.0,0.0,0.10732382209504045,5.625,1,6.715996169214661,4.3653975099895295,0.004949094581130045,0.0017321831033955157,0.0032169114777345284,0.5577939699057783,7.282432153524922,1.2736704312924672,148.77930347010525,0.16803412448441352,0.9639700025894562,19.75,1.4655693482422263e-16
1.5,10.796195490313385,10.833333333333334,1.3621711818061215,1.2542092269029876,1.2542092269029876,0.0,0.0,0.10796195490313384,6.75,1,7.063691825861228,4.5913996868097975,0.006715017537595351,0.002350256138158373,0.004364761399436979,0.46030738838387664,8.877218827660409,1.6927871499313718,148.3793544276288,0.16848705196512773,0.9638175359384384,19.75,0.0
1.75,10.819671084396841,10.833333333333334,1.505523525158287,1.3973268143143187,1.3973268143143187,0.0,0.0,0.10819671084396841,7.875,1,7.233523968873947,4.701790579768066,0.008523398529813838,0.002983189485434843,0.005540209044378997,0.3812186417113852,10.742220443900132,2.1041066306010783,147.98767732055725,0.1689329845068607,0.9636690027150028,19.75,0.0
2.0,10.82830727282943,10.833333333333334,1.6580934530601443,1.54981038033185,1.54981038033185,0.0,0.0,0.10828307272829432,9.0,1,7.309683805578733,4.751294473626176,0.01035081948120852,0.0036227868184229824,0.006728032662785541,0.3176366714885921,12.90280299263855,2.5022118368507336,147.60936522006392,0.16936594749749562,0.96352594449084,19.75,2.9311386964844526e-16
2.25,10.831484349003865,10.833333333333334,1.8202990331944247,1.711984189704386,1.711984189704386,0.0,0.0,0.10831484349003866,9.0,1,7.324305684075013,4.760798694648758,0.012181895902227274,0.004263663565779545,0.007918232336447728,0.26661753460829196,15.37635509333283,2.884232950203186,147.2470583810288,0.16978267868216362,0.9633888214449889,19.75,1.4655693482422263e-16
2.5,10.83265313001147,10.833333333333334,1.9921948752759426,1.883868343975828,1.883868343975828,0.0,0.0,0.10832653130011469,9.0,1,7.2948490257726615,4.74165186675223,0.014005608158670439,0.004901962855534654,0.009103645303135786,0.22560178893858607,18.173828661449548,3.248691992066965,146.90206344780495,0.17018140802959264,0.9632576279296792,19.75,4.3967080447266784e-16
2.75,10.833083100515404,10.833333333333334,2.1736949654945477,2.065364134489393,2.065364134489393,0.0,0.0,0.10833083100515403,9.0,1,7.243156763558626,4.7080518963131075,0.0158163973495601,0.005535739072346032,0.010280658277214059,0.19244942348854346,21.305395064289623,3.5954659525083645,146.57440227638872,0.17056184171134214,0.9631321789176654,19.75,4.3967080447266784e-16
3.0,10.83324127782411,10.833333333333334,2.3645958522308366,2.2562634394525958,2.2562634394525958,0.0,0.0,0.1083324127782411,9.0,1,7.18140743946755,4.6679148356539075,0.017611749209426993,0.006164112223299442,0.011447636986127536,0.16546383624189323,24.780465381058907,3.9250966258382176,146.26347433231098,0.17092442329928484,0.9630122540091979,19.75,4.3967080447266784e-16
3.25,10.833299468004045,10.833333333333334,2.5645801657435063,2.4562471710634655,2.4562471710634655,0.0,0.0,0.10833299468004044,9.0,1,7.111969574092259,4.622780223159969,0.01938974160295006,0.006786409561032513,0.01260333204191753,0.14334151987744373,28.605060792590077,4.238236898551934,145.9685827294171,0.17126973169522827,0.9628976381722492,19.75,5.862277392968905e-16
3.5,10.833320874974923,10.833333333333334,2.773235950827381,2.6649027420776314,2.6649027420776314,0.0,0.0,0.10833320874974924,9.0,1,7.034880275574627,4.572672179123508,0.021148461671843716,0.007401961585145291,0.013746500086698404,0.12508221901560115,32.78084626883967,4.535528739881773,145.68904913864674,0.17159834694376,0.962788124044285,19.75,5.862277392968905e-16
3.75,10.833328750159401,10.833333333333334,2.99007396758741,2.881740680085816,2.881740680085816,0.0,0.0,0.10833328750159402,9.0,1,6.95026232269911,4.517670509754422,0.022886027252518492,0.008010109538381462,0.014875917714137009,0.10991272275458404,37.30508962413465,4.817604343909715,145.42421206884057,0.17191085063720724,0.9626835100106405,19.75,5.862277392968905e-16
4.0,10.83333164727787,10.833333333333334,3.2145400869714615,3.106206770498683,3.106206770498683,0.0,0.0,0.10833331647277869,9.0,1,6.858430689764348,4.457979948346826,0.02460063492495958,0.008610222223735843,0.015990412701223717,0.09723090353726384,42.170800851918884,5.085090939100428,145.17342176180327,0.17220783044584667,0.9625835994534601,19.75,4.3967080447266784e-16
4.25,10.833332713068192,10.833333333333334,3.4460255915080262,3.3376922643773446,3.3376922643773446,0.0,0.0,0.1083333271306819,9.0,1,6.7597967356057564,4.393867878143742,0.02629058410886102,0.009201704438101345,0.01708887967075965,0.08656468956802615,47.36695173949207,5.3386108107746315,144.93603963970344,0.17248987941265342,0.9624882006424548,19.75,4.3967080447266784e-16
4.5,10.833333105150539,10.833333333333334,3.6838769390840262,3.575543608032521,3.575543608032521,0.0,0.0,0.10833333105150537,9.0,1,6.654825626760759,4.325636657394494,0.02795429051555121,0.009784001680442913,0.01817028883510827,0.07754160408438039,52.87878255716801,5.578779621311161,144.7114393749978,0.1727575933732252,0.9623971268368929,19.75,5.862277392968905e-16
4.75,10.833333249389575,10.833333333333334,3.927405447443358,3.819072114949462,3.819072114949462,0.0,0.0,0.10833333249389573,9.0,1,6.544015868279735,4.253610314381828,0.02959029448262114,0.010356603068917388,0.019233691413703725,0.06986594457352384,58.68818780214126,5.806204255765933,144.49900842255306,0.17301156785030272,0.9623101964431982,19.75,4.3967080447266784e-16
5.0,10.83333330245215,10.833333333333334,4.175896924788599,4.067563591764078,4.067563591764078,0.0,0.0,0.10833333302452151,9.0,1,6.427886756176823,4.178126391514936,0.031197266171665336,0.010919043160082858,0.02027822301158246,0.06330156089895751,64.77416414318033,6.021480635748492,144.2981495983987,0.17325239491690217,0.9622272331693917,19.75,4.3967080447266784e-16
5.25,10.833333321972784,10.833333333333334,4.428621114530659,4.320287781310931,4.320287781310931,0.0,0.0,0.10833333321972782,9.0,1,6.306969423273973,4.099530125128083,0.03277400852748383,0.01147090298461933,0.021303105542864475,0.05765877353150143,71.11330075962837,6.225191689520739,144.10828253091105,0.1734806602433662,0.9621480661542477,19.75,5.862277392968905e-16
5.5,10.833333329154021,10.833333333333334,4.68484077633545,4.576507443043909,4.576507443043909,0.0,0.0,0.1083333332915402,9.0,1,6.181799696587899,4.018169802782134,0.034319458451630806,0.01201181045807077,0.02230764799356001,0.05278437568405135,77.68029181282674,6.417905557388098,143.92884491270254,0.17369694042332723,0.9620725300639205,19.75,5.862277392968905e-16
5.75,10.83333333179585,10.833333333333334,4.943820229691094,4.835486896373135,4.835486896373135,0.0,0.0,0.10833333331795848,9.0,1,6.052912027375471,3.934392817794057,0.035832686458474663,0.012541440260466125,0.023291246198008528,0.04855394755966874,84.44845194628009,6.6001740619444975,143.75929352758527,0.17390180061787014,0.962000465154838,19.75,7.327846741211131e-16
6.0,10.833333332767726,10.833333333333334,5.204833212555954,5.096499879228277,5.096499879228277,0.0,0.0,0.10833333332767726,9.0,1,5.920834213559399,3.8485422388136095,0.03731289501186451,0.013059513254152574,0.02425338175771193,0.044865914537796404,91.39021793946748,6.772531449218367,143.59910504847554,0.17409579252990898,0.9619317173040777,19.75,5.862277392968905e-16
6.25,10.833333333125259,10.833333333333334,5.467169942860765,5.358836609529513,5.358836609529513,0.0,0.0,0.10833333333125258,9.0,1,5.786082814129759,3.760953829184343,0.03875941571539694,0.013565795500388932,0.02519362021500802,0.04163692830719751,98.47762249765347,6.935493394461876,143.44777661306645,0.17427945270587616,0.9618661380094565,19.75,5.862277392968905e-16
6.5,10.833333333256787,10.833333333333334,5.730143307917539,5.621809974584971,5.621809974584971,0.0,0.0,0.10833333333256787,9.0,1,5.649159215793963,3.671953490266076,0.04017170551934544,0.014060096931770903,0.02611160858757454,0.03879825715241594,105.6827292973524,7.089556259157716,143.3048261902687,0.17445330115265623,0.9618035843620113,19.75,7.327846741211131e-16
6.75,10.833333333305173,10.833333333333334,5.993094142453459,5.884760809120406,5.884760809120406,0.0,0.0,0.10833333333305173,9.0,1,5.510546326560645,3.581855112264419,0.04154934210098559,0.014542269735344959,0.027007072365640646,0.036292950181005666,112.97802155560491,7.235196581371999,143.1697927541053,0.1746178402516626,0.9617439189937063,19.75,8.793416089453357e-16
7.0,10.833333333322976,10.833333333333334,6.255395587982274,6.147062254649043,6.147062254649043,0.0,0.0,0.10833333333322977,9.0,1,5.370705869122864,3.4909588149298623,0.042892018568266306,0.01501220649889321,0.027879812069373105,0.034073598220529924,120.33673935271057,7.372870778853713,143.04223628389363,0.17477355394796054,0.9616870100032591,19.75,8.793416089453357e-16
7.25,10.833333333329525,10.833333333333334,6.516456553449706,6.408123220116411,6.408123220116411,0.0,0.0,0.10833333333329526,9.0,1,5.230076240599397,3.3995495563896077,0.04419953762841615,0.015469838169945658,0.028729699458470502,0.03210055707577478,127.73316357708119,7.503015042788172,142.92173761061233,0.17492090718986392,0.9616327308629277,19.75,8.793416089453357e-16
7.5,10.833333333331929,10.833333333333334,6.775724319079329,6.6673909857460085,6.6673909857460085,0.0,0.0,0.10833333333331929,9.0,1,5.0890708988327145,3.307896084241264,0.04547180535312433,0.01591513187359352,0.02955667347953082,0.03034053086140742,135.1428465970512,7.62604539956687,142.80789812960103,0.1750603455931548,0.9615809603090014,19.75,1.0258985437695583e-15
7.75,10.833333333332819,10.833333333333334,7.022781300323869,6.914447966990541,6.914447966990541,0.0,0.0,0.10833333333332819,9.0,1,5.079488320008929,3.301667408005804,0.04674167743312656,0.0163595871015943,0.03038209033153227,0.02917111920259723,140.56045225414422,7.711802460137498,142.7285891324751,0.17515762015132075,0.961532198307192,19.75,8.793416089453357e-16
8.0,10.833333333333144,10.833333333333334,7.253099161067847,7.144765827734516,7.144765827734516,0.0,0.0,0.10833333333333144,9.0,1,5.159176203727702,3.3534645324230064,0.04803147148405849,0.016811015019420474,0.031220456464638023,0.028643237896339237,143.15091480634536,7.751646301614881,142.69175278057483,0.17520283767516623,0.961486518995758,19.75,8.793416089453357e-16
8.25,10.833333333333265,10.833333333333334,7.473055830982652,7.3647224976493195,7.3647224976493195,0.0,0.0,0.10833333333333264,9.0,1,5.120040751925465,3.3280264887515525,0.04931148167203984,0.017259018585213955,0.032052463086825925,0.028423522570141153,144.25747891586622,7.768447019172201,142.6762224253319,0.17522190856352038,0.9614433640347937,19.75,1.0258985437695583e-15
8.5,10.833333333333307,10.833333333333334,7.686085595672591,7.577752262339258,7.577752262339258,0.0,0.0,0.10833333333333307,9.0,1,5.015905328851947,3.2603384637537656,0.05056545800425283,0.017697910301488505,0.03286754770276437,0.02835077104479514,144.62766114537715,7.7740386585402455,142.67105388078096,0.17522825632794822,0.961402399772728,19.75,1.172455478593781e-15
8.75,10.833333333333323,10.833333333333334,7.893829807036854,7.785496473703521,7.785496473703521,0.0,0.0,0.10833333333333323,9.0,1,4.881028006487284,3.172668204216735,0.051785715005874644,0.01812500025205615,0.03366071475381855,0.02834767867790009,144.64343816177845,7.7742766538419215,142.67083389676358,0.17522852651222298,0.9613634168750117,19.75,1.3190124134180036e-15
9.0,10.833333333333323,10.833333333333334,8.096246786502006,7.987913453168672,7.987913453168672,0.0,0.0,0.10833333333333323,9.0,1,4.734826659809101,3.0776373288759156,0.052969421670826924,0.018539297584789446,0.03443012408603753,0.028376852174044048,144.49473404338013,7.772032430082988,142.6729082900181,0.17522597877644222,0.961326318796068,19.75,1.0258985437695583e-15
9.25,10.833333333333323,10.833333333333334,8.285053845000098,8.176720511666765,8.176720511666765,0.0,0.0,0.10833333333333323,9.0,1,4.690435862909731,3.0487833108913254,0.05414203063655435,0.018949710722794052,0.03519231991376037,0.02839653429226168,144.39458229922724,7.770519650670762,142.67430660381618,0.17522426143216535,0.9612915251086231,19.75,1.3190124134180036e-15
9.5,10.833333333333323,10.833333333333334,8.462232978546533,8.3538996452132,8.3538996452132,0.0,0.0,0.10833333333333323,9.0,1,4.673172108370551,3.0375618704408587,0.05531032366364698,0.019358613282276477,0.035951710381370586,0.028409841621559878,144.3269470662989,7.769497435362066,142.67525147844142,0.17522310099994853,0.961258786292556,19.75,1.4655693482422262e-15
9.75,10.833333333333323,10.833333333333334,8.631173827169778,8.522840493836444,8.522840493836444,0.0,0.0,0.10833333333333323,9.0,1,4.589237424950556,2.983004326217862,0.056457633019884615,0.019760171556959655,0.036697461462925046,0.028433991133673862,144.20436753322647,7.7676435896508105,142.6769650748062,0.17522099651399498,0.9612277973099939,19.75,1.4655693482422262e-15
10.0,10.833333333333323,10.833333333333334,8.793841921512653,8.685508588179319,8.685508588179319,0.0,0.0,0.10833333333333323,9.0,1,4.467740391724816,2.9040312546211307,0.05757456811781581,0.02015109884123557,0.03742346927658033,0.02847048465840652,144.0195260836947,7.7648451367843965,142.679551846034,0.17521781976843875,0.9611983589155931,19.75,1.4655693482422262e-15
10.25,10.833333333333323,10.833333333333334,8.951306252450346,8.842972919117011,8.842972919117011,0.0,0.0,0.10833333333333323,9.0,1,4.328034591100852,2.813222484215554,0.058656576765591016,0.0205298018679569,0.03812677489763422,0.028516139082085768,143.78895039310132,7.761349240153347,142.6827833558553,0.1752138513982393,0.9611703347352,19.75,1.4655693482422262e-15
10.5,10.79505411329932,10.707290922023903,9.072482688660077,8.964532147527084,8.964532147527084,0.0,0.0,0.1079505411329932,9.0,0,4.172601480842348,2.7121909625475262,0.05969972713580161,0.020894904497530595,0.0388048226382711,0.02855477540995614,143.08700931818592,7.758395109971459,142.68551411608826,0.17521049810045974,0.9611436048194072,19.75,1.4655693482422262e-15
10.75,10.669216206508576,10.528608782765334,9.117406596507896,9.01071443444281,9.01071443444281,0.0,0.0,0.10669216206508576,9.0,0,3.928388275881555,2.553452379323011,0.060681824204772,0.02123863847167023,0.039443185733101856,0.028497852606384683,141.70152088631227,7.7627488182341855,142.68148961790266,0.17521544011735057,0.9611179763213696,19.75,1.6121262830664488e-15
11.0,10.51246294814791,10.356435315160764,9.132082068857457,9.026957439375977,9.026957439375977,0.0,0.0,0.10512462948147909,9.0,0,3.640829890256445,2.3665394286666896,0.0615920316773361,0.021557211087067665,0.04003482059026852,0.028327335962080293,140.46006863748391,7.7758429210738305,142.66938616988546,0.17523030463053174,0.9610934052531294,19.75,1.3190124134180036e-15
11.25,10.348677458033837,10.19153397080794,9.134853784300702,9.031367009720364,9.031367009720364,0.0,0.0,0.10348677458033836,9.0,0,3.3815182362595753,2.197986853568724,0.062437411236400994,0.02185309393274038,0.0405843173036607,0.028075133784683855,139.51379370550993,7.795354937691601,142.65135184373324,0.1752524576660594,0.9610699132346572,19.75,1.4655693482422262e-15
11.5,10.187217149689621,10.034722975447295,9.13258283721805,9.030710665721154,9.030710665721154,0.0,0.0,0.1018721714968962,9.0,0,3.160726623726436,2.0544723054221836,0.06322759289233264,0.02212965751231644,0.04109793538001626,0.02777451825083571,138.82355457235107,7.818842810860908,142.62964510842224,0.17527912925111638,0.9610475062087772,19.75,1.4655693482422262e-15
11.75,10.031874471181998,9.886364700113939,9.12807258870028,9.02775384398846,9.02775384398846,0.0,0.0,0.10031874471182,9.0,0,2.97270315083851,1.9322570480450314,0.06397076868004227,0.022389769038014817,0.04158099964202752,0.02745025449737415,138.32154954110848,7.844465104936767,142.6059687330943,0.17530823023818004,0.9610261665979639,19.75,1.3190124134180036e-15
12.0,9.884168213522639,9.746122423577274,9.122600797394588,9.023759115259361,9.023759115259361,0.0,0.0,0.09884168213522639,9.0,0,2.809674418752261,1.8262883721889698,0.06467318728473033,0.02263561554965564,0.04203757173507475,0.027118767483898104,137.95082810938734,7.870972938985303,142.58147728064566,0.17533834321825728,0.9610058644055574,19.75,1.4655693482422262e-15
12.25,9.744848882281788,9.615184872932803,9.116360348103106,9.018911859280287,9.018911859280287,0.0,0.0,0.09744848882281787,9.0,0,2.6687685163371078,1.73469953561912,0.06534037941381463,0.022869132794835132,0.042471246618979525,0.02678960948599835,137.67746385851757,7.897617103394096,142.55686315657627,0.1753686174515599,0.9609866088013359,19.75,1.4655693482422262e-15
12.5,9.614245337165094,9.492904304938298,9.109918873156053,9.013776419784403,9.013776419784403,0.0,0.0,0.09614245337165095,9.0,0,2.5549807970698555,1.6607375180954063,0.06597912461308207,0.023092693614578743,0.04288643099850338,0.026467702965145518,137.484291419048,7.923992826129433,142.5325002679672,0.17539859297352486,0.9609683535839629,19.75,1.4655693482422262e-15
12.75,9.491936123028973,9.378369025029803,9.103751710155784,9.008832348925495,9.008832348925495,0.0,0.0,0.09491936123028973,9.0,0,2.448886334856396,1.5917761176566572,0.0665913461967962,0.023306971168878674,0.04328437502791754,0.02615918461147805,137.3361079939683,7.94957437563255,142.50887403124023,0.17542767192532588,0.9609510189072727,19.75,1.4655693482422262e-15
13.0,9.377282833525902,9.270863438344243,9.09796349970209,9.00419067136683,9.00419067136683,0.0,0.0,0.09377282833525902,9.0,0,2.3468742181563216,1.525468241801609,0.0671780647513353,0.023512322662967346,0.04366574208836793,0.02586669755246411,137.2113892730071,7.974106792196129,142.48621959057522,0.17545556385618102,0.9609345388295519,19.75,1.3190124134180036e-15
13.25,9.269640401119124,9.169770342936424,9.092559383581793,8.9998629795706,8.9998629795706,0.0,0.0,0.09269640401119124,9.0,0,2.249207600793204,1.4619849405155823,0.0677403666515336,0.023709128328036747,0.044031238323496834,0.025590569495496963,137.09987773195678,7.997522998793482,142.46459851822587,0.1754821917867665,0.9609188550719253,19.75,1.4655693482422262e-15
13.5,9.168415092725922,9.07455195500749,9.087513913196982,8.995829762269723,8.995829762269723,0.0,0.0,0.09168415092725923,9.0,0,2.1559283476685307,1.4013534259845448,0.06827934873845071,0.023897772058457747,0.04438157667999297,0.025330153305125638,136.9968497498108,8.019839482194314,142.44399522964636,0.17550757376395773,0.960903915561006,19.75,1.3190124134180036e-15
13.75,9.073086007179787,8.984485724463758,9.082800461964647,8.99206960189285,8.99206960189285,0.0,0.0,0.09073086007179788,9.0,0,2.0669229713793293,1.343499931396564,0.06879607948129553,0.024078627818453432,0.044717451662842106,0.025084461374799336,136.90029347995406,8.041105512610175,142.42436390245308,0.1755317651769369,0.9608896743716617,19.75,1.4655693482422262e-15
14.0,8.983246407135493,8.899703277049683,9.078423654709303,8.988591190637948,8.988591190637948,0.0,0.0,0.08983246407135494,9.0,0,1.9818964374459114,1.2882326843398424,0.069291553590657,0.02425204375672995,0.04503950983392707,0.02485247302956877,136.80999679601885,8.06137748312424,142.40565217533634,0.17555482958793558,0.9608760954739907,19.75,1.4655693482422262e-15
14.25,8.898439846491577,8.819554624696297,9.074329753732844,8.985345355267928,8.985345355267928,0.0,0.0,0.08898439846491578,9.0,0,1.9012473017232587,1.2358107461201182,0.0697668654160878,0.024418402895630735,0.0453484625204571,0.02463316266632405,136.7249665252092,8.080716366579189,142.38780349592042,0.17557683583984973,0.9608631368884651,19.75,1.3190124134180036e-15
14.5,8.8182747924019,8.743698893878038,9.070484524832551,8.982301776908532,8.982301776908532,0.0,0.0,0.08818274792401899,9.0,0,1.8245160268231422,1.1859354174350425,0.0702229944227936,0.024578048047977762,0.04564494637481587,0.024425600839181917,136.64460952439606,8.099178506189386,142.37076561871433,0.17559784757323668,0.9608507611931374,19.75,1.4655693482422262e-15
14.75,8.742406422928699,8.671829533055817,9.066863406225796,8.979439341996509,8.979439341996509,0.0,0.0,0.087424064229287,9.0,0,1.7514454263029433,1.1384395270969132,0.07066085577936933,0.024731299522779266,0.0459295562565901,0.024228935035305817,136.5685814697131,8.116816794412,142.35448951286997,0.17561792455965924,0.960838934463774,19.75,1.4655693482422262e-15
15.0,8.670526922125218,8.603670057422292,9.063446713656074,8.976741444434822,8.976741444434822,0.0,0.0,0.08670526922125217,9.0,0,1.6818170451352434,1.0931810793379084,0.07108131004065313,0.024878458514228603,0.04620285152642458,0.02404239328573839,136.49662886935158,8.133679898083836,142.33893007353154,0.1756371218125999,0.9608276256969054,19.75,1.3190124134180036e-15
15.25,8.602359353585861,8.538970100468426,9.060217862830275,8.974194269294415,8.974194269294415,0.0,0.0,0.0860235935358586,9.0,0,1.6154321947507344,1.0500309265879773,0.07148516808934081,0.025019808831269297,0.046465359258071576,0.023865278752845363,136.42853036318184,8.14981232331999,142.3240460584138,0.17565548965449795,0.9608168063854604,19.75,1.4655693482422262e-15
15.5,8.537653169984866,8.47750205215833,9.057162529243517,8.971785997543668,8.971785997543668,0.0,0.0,0.08537653169984867,9.0,0,1.5521071317384878,1.0088696356300173,0.07187319487227543,0.025155618205296416,0.04671757666697909,0.023696961544733098,136.3640765972788,8.165254786742356,142.30979974214884,0.17567307413331695,0.9608064501956249,19.75,1.4655693482422262e-15
15.75,8.476180672656998,8.419058226923513,9.054268162811344,8.969506356084773,8.969506356084773,0.0,0.0,0.08476180672656998,9.0,0,1.4916713789442666,0.9695863963137734,0.07224611271701151,0.02528613945095404,0.046959973266057525,0.023536870337979843,136.30306504328274,8.180044662101981,142.296156501536,0.17568991752584787,0.9607965327119061,19.75,1.4655693482422262e-15
16.0,8.417734133352566,8.363448530139097,9.05152361931746,8.967346277983935,8.967346277983935,0.0,0.0,0.08417734133352565,9.0,0,1.4339690021329459,0.9320798513864148,0.07260460496754474,0.025411611738640667,0.047192993228904134,0.023384484486064474,136.2453020503746,8.19421643495677,142.28308439379177,0.17570605885101845,0.9607870312333862,19.75,1.4655693482422262e-15
16.25,8.362123470024146,8.310498597150586,9.048918836207674,8.965297601507434,8.965297601507434,0.0,0.0,0.08362123470024145,9.0,0,1.3788541003941825,0.8962551652562187,0.07294931849264329,0.02553226147242516,0.0474170570202182,0.023239328143701166,136.19060181255958,8.207802015044965,142.27055386643187,0.17572153422183764,0.960777924608399,19.75,1.6121262830664488e-15
16.5,8.309174327409892,8.260048147080537,9.04644467648574,8.96335293321164,8.96335293321164,0.0,0.0,0.08309174327409892,9.0,0,1.326183397224724,0.8620192081960705,0.07328086434194948,0.025648302519682326,0.047632561822267216,0.023100966153351728,136.13878123439704,8.220830918200585,142.25853758775756,0.17573637704927064,0.9607691930874781,19.75,1.4655693482422262e-15
16.75,8.258726372344936,8.211949427637167,9.044092882235404,8.961505618511955,8.961505618511955,0.0,0.0,0.08258726372344938,9.0,0,1.2758199928093914,0.8292829953261045,0.07359981934015183,0.025759936769053145,0.04783988257109875,0.022968999288943123,136.0896617151539,8.233330536505662,142.24701019618297,0.17575061834706207,0.9607608181886264,19.75,1.4655693482422262e-15
17.0,8.210649197869149,8.165916690990004,9.041867523448856,8.959761031470164,8.959761031470164,0.0,0.0,0.08210649197869148,9.0,0,1.2275745211709932,0.7979234387611456,0.07390671297044459,0.025867349539655606,0.048039363430789045,0.022843069678197575,136.04330192181257,8.24532546328262,142.23594892134884,0.17576428595997254,0.9607527843043016,19.75,1.4655693482422262e-15
17.25,8.164805894213483,8.12214336697804,9.039759749563745,8.95811169062161,8.95811169062161,0.0,0.0,0.08164805894213482,9.0,0,1.1814477685712217,0.7679410495712942,0.0742020749125874,0.025970726219405587,0.04823134869318188,0.022722843285854975,135.99950346377798,8.256839014549577,142.22533217981234,0.17577740629491415,0.9607450753708274,19.75,1.4655693482422262e-15
17.5,8.121061313569912,8.080347383831834,9.03775645666668,8.95654584353098,8.95654584353098,0.0,0.0,0.08121061313569912,9.0,0,1.1373467297168312,0.7392753743159403,0.07448641159501664,0.026070244058255806,0.04841616753676086,0.022608005848130382,135.957967681144,8.267893514977603,142.2151393104953,0.17579000464513156,0.960737675349657,19.75,1.4655693482422262e-15
17.75,8.079293771678092,8.040417723411982,9.035849412866819,8.955056475150037,8.955056475150037,0.0,0.0,0.08079293771678092,9.0,0,1.0951256493198682,0.7118316720579144,0.07476019300734661,0.0261660675525713,0.048594125454775344,0.022498262024329946,135.91849620739848,8.278510289712651,142.20535058147115,0.1758021051794194,0.9607305693528373,19.75,1.3190124134180036e-15
18.0,8.03939162789472,8.002251273043749,9.034032284265601,8.953638367986654,8.953638367986654,0.0,0.0,0.0803939162789472,9.0,0,1.0546779600702707,0.685540674045676,0.0750238624973642,0.02625835187407745,0.04876551062328677,0.022393334322351154,135.88094319029392,8.288709685746273,142.19594716956126,0.1758137309651224,0.9607237434841883,19.75,1.4655693482422262e-15
18.25,8.001251694449046,7.965752268374302,9.032299591269963,8.952287074325474,8.952287074325474,0.0,0.0,0.08001251694449045,9.0,0,1.0159107620413599,0.660341995326884,0.07527784018787453,0.026347244065756066,0.04893059612211849,0.02229296343515716,135.84518826034937,8.298510962910438,142.18691126017993,0.17582490384261804,0.9607171847301814,19.75,1.6121262830664488e-15
18.5,7.96477826644119,7.9308316609748575,9.030646390736745,8.950998608072332,8.950998608072332,0.0,0.0,0.0796477826644119,9.0,0,0.9787385651957297,0.6361800673772243,0.07552252482917345,0.026432883690210695,0.049089641138962796,0.022196907595259645,135.8111251698159,8.307932285056427,142.17822605484417,0.17583564441405003,0.9607108808705271,19.75,1.6121262830664488e-15
18.75,7.929882375369703,7.897406509636704,9.029068164198897,8.9497693404452,8.9497693404452,0.0,0.0,0.07929882375369704,9.0,0,0.943081944756066,0.6130032640914429,0.07575829531536246,0.02651540336037685,0.04924289195498565,0.02210494138743271,135.7786571718476,8.316990770748902,142.16987572386563,0.17584597210000466,0.9607048204038504,19.75,1.4655693482422262e-15
19.0,7.8964811530043875,7.86539942525777,9.027560761695696,8.948595950165654,8.948595950165654,0.0,0.0,0.07896481153004387,9.0,0,0.9088671812546668,0.5907636678155336,0.07598551211067613,0.026594929238736634,0.049390582871939544,0.022016854382788005,135.74769519419777,8.325702568639526,142.16184533635058,0.17585590522443462,0.9606989924852198,19.75,1.4655693482422262e-15
19.25,7.864497277634922,7.83473809116141,9.026120348354894,8.947475375578545,8.947475375578545,0.0,0.0,0.07864497277634923,9.0,0,0.8760263521833842,0.5694171289191997,0.07620451869872195,0.026671581544552677,0.04953293715416934,0.021932449762698546,135.71815738134853,8.334082940740055,142.1541207829749,0.17586546110870202,0.9606933868738039,19.75,1.4655693482422262e-15
19.5,7.83385850183322,7.8053548619978415,9.024743349975202,8.946404764956869,8.946404764956869,0.0,0.0,0.0783385850183322,9.0,0,0.8444957123589768,0.5489222130333349,0.07641564262681172,0.02674547491938409,0.04967016770742767,0.021851543304953248,135.6899677265565,8.342146315918267,142.1466887262581,0.17587465613176725,0.960687993888337,19.75,1.4655693482422262e-15
19.75,7.804497241853273,7.777186393613457,9.023426429159151,8.94538145674062,8.94538145674062,0.0,0.0,0.07804497241853274,9.0,0,0.8142135794153805,0.5292388266199973,0.07661919602166557,0.026816718607582942,0.04980247741408268,0.021773962656135265,135.6630539098548,8.349906319835847,142.13953657259208,0.17588350576359346,0.960682804366224,19.75,1.4655693482422262e-15
20.0,7.776350195658123,7.750173278157602,9.02216648500814,8.944402983051559,8.944402983051559,0.0,0.0,0.07776350195658123,9.0,0,0.7851206919968209,0.5103284497979336,0.07681547619466476,0.026885416668132666,0.04993005952653216,0.021699546421491158,135.6373466886142,8.35737582739551,142.13265242355834,0.17589202462428877,0.9606778096248588,19.75,1.4655693482422262e-15
